{
  "$schema": "https://schema.management.azure.com/schemas/2015-01-01/deploymentTemplate.json#",
  "contentVersion": "1.0.0.0",
  "parameters": {
    "vmstorageType": {
      "type": "string",
      "defaultValue": "Premium_LRS",
      "allowedValues": [
        "Premium_LRS"
      ]
    },
    "adminUsername": {
      "type": "string",
      "defaultValue": "demouser",
      "metadata": {
        "description": "The name of the administrator account of the new VM"
      }
    },
    "adminPassword": {
      "type": "securestring",
      "defaultValue": "demo@pass123",
      "metadata": {
        "description": "The password for the administrator account of the new VM and domain"
      }
    },
    "CloudShopDownloadUrl": {
      "type": "string",
      "metadata": {
        "description": "Zip that contains cloud shop sample"
      },
      "defaultValue": "https://cloudworkshop.blob.core.windows.net/enterprise-networking/Cloudshop.zip"
    },
    "CloudShopDBDownloadUrl": {
      "type": "string",
      "metadata": {
        "description": "Zip that contains Adventure works DB sample"
      },
      "defaultValue": "https://cloudworkshop.blob.core.windows.net/shared/AdventureWorks2012.bak"
    },
    "CloudShopInstallscriptUrl": {
      "type": "string",
      "metadata": {
        "description": "script to execute"
      },
      "defaultValue": "https://cloudworkshop.blob.core.windows.net/enterprise-networking/deploy-cloudshop.ps1"
    },
    "CloudShopDBInstallscriptUrl": {
      "type": "string",
      "metadata": {
        "description": "script to execute"
      },
      "defaultValue": "https://cloudworkshop.blob.core.windows.net/enterprise-networking/deploy-cloudshop-db.ps1"
    },
    "SQLConfigscriptUrl": {
      "type": "string",
      "metadata": {
        "description": "script to execute"
      },
      "defaultValue": "https://raw.githubusercontent.com/Microsoft/MCW-Enterprise-class-networking/main/Hands-on%20lab/labfiles/configure-sql.ps1"
    },
    "WebVMName": {
      "type": "string",
      "defaultValue": "WGWEB1",
      "minLength": 1
    },
    "WebVMName2": {
      "type": "string",
      "defaultValue": "WGWEB2",
      "minLength": 1
    },
    "SQLVMName": {
      "type": "string",
      "defaultValue": "WGSQL1",
      "minLength": 1
    },
    "existingVirtualNetworkName": {
      "type": "string",
      "defaultValue": "WGVNet2",
      "metadata": {
        "description": "Name of the existing VNET"
      }
    },
    "existingVirtualNetworkResourceGroup": {
      "type": "string",
      "defaultValue": "WGVNetRG2",
      "metadata": {
        "description": "Name of the existing VNET resource group"
      }
    },
    "WebSubnet": {
      "type": "string",
      "defaultValue": "AppSubnet",
      "metadata": {
        "description": "Name of the Web Tier subnet"
      }
    },
    "DataSubnet": {
      "type": "string",
      "defaultValue": "DataSubnet",
      "metadata": {
        "description": "Name of the Data Tier subnet"
      }
    }
  },
  "variables": {
    "VNETSubnet1Name": "[parameters('WebSubnet')]",
    "VNETSubnet2Name": "[parameters('DataSubnet')]",
    "vnetID": "[resourceId(parameters('existingVirtualNetworkResourceGroup'), 'Microsoft.Network/virtualNetworks', parameters('existingVirtualNetworkName'))]",
    "CloudShopInstallScriptFileName": "deploy-cloudshop.ps1",
    "CloudShopInstallScriptParameters": "[concat(' -user ', parameters('adminUsername'), ' -password ', parameters('adminPassword'), ' -cloudshopurl ', parameters('CloudShopDownloadUrl'))]",
    "CloudShopDBInstallScriptFileName": "deploy-cloudshop-db.ps1",
    "CloudShopDBInstallScriptParameters": "[concat(' -user ', parameters('adminUsername'), ' -password ', parameters('adminPassword'), ' -dbsource ', parameters('CloudShopDBDownloadUrl'), ' -sqlConfigUrl ', parameters('SQLConfigscriptUrl'))]",
    "vmstorageName": "[concat('chqdisks', uniqueString(resourceGroup().id))]",
    "WindowsOSVersion": "2019-Datacenter",
    "WindowsImagePublisher": "MicrosoftWindowsServer",
    "WindowsImageOffer": "WindowsServer",
    "SQLSKU": "Web",
    "SQLImagePublisher": "MicrosoftSQLServer",
    "SQLImageOffer": "sql2019-ws2019",
    "WebOSDiskName": "WebOSDisk",
    "WebVM-2OSDiskName": "WebOSDisk2",
    "WebVmSize": "Standard_D2S_v3",
    "WebSubnetRef": "[concat(variables('VnetID'), '/subnets/', variables('VNETSubnet1Name'))]",
    "WebStorageAccountContainerName": "vhds",
    "WebNicName": "[concat(parameters('WebVMName'), 'NetworkInterface')]",
    "SQLOSDiskName": "SQLOSDisk2",
    "SQLVmSize": "Standard_D2S_v3",
    "SQLSubnetRef": "[concat(variables('VnetID'), '/subnets/', variables('VNETSubnet2Name'))]",
    "SQLStorageAccountContainerName": "vhds",
    "SQLNicName": "[concat(parameters('SQLVMName'), 'NetworkInterface')]",
    "scriptFolder": ".",
    "WebIPName": "webip",
    "AVSetName": "WebAVSet",
    "WebVM-2StorageAccountContainerName": "vhds",
    "WebVM-2NicName": "[concat(parameters('WebVMName2'), 'NetworkInterface')]",
    "apiVersionCompute": "2018-10-01",
    "apiVersionExtensions": "2018-06-01",
    "apiVersionNetwork": "2018-10-01",
    "apiVersionStorage": "2018-07-01"
  },
  "resources": [
  {
      "type": "Microsoft.Compute/availabilitySets",
      "name": "[variables('AVSetName')]",
      "apiVersion": "[variables('apiVersionCompute')]",
      "location": "[resourceGroup().location]",
      "tags": {
        "displayName": "WebAVSet"
      },
      "properties": {
        "platformFaultDomainCount": "2",
        "platformUpdateDomainCount": "2"
      },
      "sku": {
        "name": "classic"
      }
    },
    {
      "name": "[variables('vmstorageName')]",
      "type": "Microsoft.Storage/storageAccounts",
      "apiVersion": "[variables('apiVersionStorage')]",
      "location": "[resourceGroup().location]",
      "sku": {
        "name": "[parameters('vmstorageType')]"
      },
      "tags": {
        "displayName": "CloudShopStorage"
      },
      "dependsOn": [],
      "kind": "Storage"
    },
    {
      "name": "[variables('WebNicName')]",
      "type": "Microsoft.Network/networkInterfaces",
      "apiVersion": "[variables('apiVersionNetwork')]",
      "location": "[resourceGroup().location]",
      "dependsOn": [
        "[resourceId('Microsoft.Network/publicIPAddresses', variables('WebIPName'))]"
      ],
      "tags": {
        "displayName": "WebNic"
      },
      "properties": {
        "ipConfigurations": [
          {
            "name": "ipconfig1",
            "properties": {
              "privateIPAllocationMethod": "Dynamic",
              "subnet": {
                "id": "[variables('WebSubnetRef')]"
              },
              "publicIPAddress": {
                "id": "[resourceId('Microsoft.Network/publicIPAddresses', variables('WebIPName'))]"
              }
            }
          }
        ]
      }
    },
    {
      "name": "[parameters('WebVMName')]",
      "type": "Microsoft.Compute/virtualMachines",
      "apiVersion": "[variables('apiVersionCompute')]",
      "location": "[resourceGroup().location]",
      "dependsOn": [
        "[resourceId('Microsoft.Storage/storageAccounts', variables('vmstorageName'))]",
        "[resourceId('Microsoft.Network/networkInterfaces', variables('WebNicName'))]",
        "[concat('Microsoft.Compute/availabilitySets/', variables('AVSetName'))]"
      ],
      "tags": {
        "displayName": "WGWEB1"
      },
      "properties": {
        "availabilitySet": {
          "id": "[resourceId('Microsoft.Compute/availabilitySets',variables('AVSetName'))]"
        },
        "hardwareProfile": {
          "vmSize": "[variables('WebVmSize')]"
        },
        "osProfile": {
          "computerName": "[parameters('WebVMName')]",
          "adminUsername": "[parameters('adminUsername')]",
          "adminPassword": "[parameters('adminPassword')]"
        },
        "storageProfile": {
          "imageReference": {
            "publisher": "[variables('WindowsImagePublisher')]",
            "offer": "[variables('WindowsImageOffer')]",
            "sku": "[variables('WindowsOSVersion')]",
            "version": "latest"
          },
          "osDisk": {
            "name": "WebOSDisk",
            "vhd": {
              "uri": "[concat(reference(resourceId('Microsoft.Storage/storageAccounts', variables('vmstorageName')), '2017-06-01').primaryEndpoints.blob, variables('WebStorageAccountContainerName'), '/', variables('WebOSDiskName'), '.vhd')]"
            },
            "caching": "ReadWrite",
            "createOption": "FromImage"
          }
        },
        "networkProfile": {
          "networkInterfaces": [
            {
              "id": "[resourceId('Microsoft.Network/networkInterfaces', variables('WebNicName'))]"
            }
          ]
        }
      },
      "resources": [
        {
          "name": "InstallCloudShop",
          "type": "extensions",
          "apiVersion": "[variables('apiVersionExtensions')]",
          "location": "[resourceGroup().location]",
          "dependsOn": [
            "[resourceId('Microsoft.Compute/virtualMachines', parameters('WebVMName'))]"
          ],
          "tags": {
            "displayName": "InstallCloudShop"
          },
          "properties": {
            "publisher": "Microsoft.Compute",
            "type": "CustomScriptExtension",
            "typeHandlerVersion": "1.9",
            "autoUpgradeMinorVersion": true,
            "settings": {
              "fileUris": [
                "[concat(parameters('CloudShopInstallscriptUrl'))]"
              ],
              "commandToExecute": "[concat('powershell -ExecutionPolicy Unrestricted -File ', variables('scriptFolder'), '/', variables('CloudShopInstallScriptFileName'), ' ', variables('CloudShopInstallScriptParameters'))]"
            }
          }
        }
      ]
    },
    {
      "name": "[variables('SQLNicName')]",
      "type": "Microsoft.Network/networkInterfaces",
      "apiVersion": "[variables('apiVersionNetwork')]",
      "location": "[resourceGroup().location]",
      "dependsOn": [
       ],
      "tags": {
        "displayName": "SQLNic"
      },
      "properties": {
        "ipConfigurations": [
          {
            "name": "ipconfig1",
            "properties": {
              "privateIPAllocationMethod": "Dynamic",
              "subnet": {
                "id": "[variables('SQLSubnetRef')]"
              }
            }
          }
        ]
      }
    },
    {
      "name": "[parameters('SQLVMName')]",
      "type": "Microsoft.Compute/virtualMachines",
      "apiVersion": "[variables('apiVersionCompute')]",
      "location": "[resourceGroup().location]",
      "dependsOn": [
        "[resourceId('Microsoft.Storage/storageAccounts', variables('vmstorageName'))]",
        "[resourceId('Microsoft.Network/networkInterfaces', variables('SQLNicName'))]"
      ],
      "tags": {
        "displayName": "WGSQL1"
      },
      "properties": {
        "hardwareProfile": {
          "vmSize": "[variables('SQLVmSize')]"
        },
        "osProfile": {
          "computerName": "[parameters('SQLVMName')]",
          "adminUsername": "[parameters('adminUsername')]",
          "adminPassword": "[parameters('adminPassword')]"
        },
        "storageProfile": {
          "imageReference": {
            "publisher": "[variables('SQLImagePublisher')]",
            "offer": "[variables('SQLImageOffer')]",
            "sku": "[variables('SQLSKU')]",
            "version": "latest"
          },
          "osDisk": {
            "name": "SQLOSDisk",
            "vhd": {
              "uri": "[concat(reference(resourceId('Microsoft.Storage/storageAccounts', variables('vmstorageName')), '2017-06-01').primaryEndpoints.blob, variables('SQLStorageAccountContainerName'), '/', variables('SQLOSDiskName'), '.vhd')]"
            },
            "caching": "ReadWrite",
            "createOption": "FromImage"
          }
        },
        "networkProfile": {
          "networkInterfaces": [
            {
              "id": "[resourceId('Microsoft.Network/networkInterfaces', variables('SQLNicName'))]"
            }
          ]
        }
      },
      "resources": [
        {
          "name": "InstallCloudShopDB",
          "type": "extensions",
          "location": "[resourceGroup().location]",
          "apiVersion": "[variables('apiVersionExtensions')]",
          "dependsOn": [
            "[resourceId('Microsoft.Compute/virtualMachines', parameters('SQLVMName'))]"
          ],
          "tags": {
            "displayName": "InstallCloudShopDB"
          },
          "properties": {
            "publisher": "Microsoft.Compute",
            "type": "CustomScriptExtension",
            "typeHandlerVersion": "1.9",
            "autoUpgradeMinorVersion": false,
            "settings": {
              "fileUris": [
                "[concat(parameters('CloudShopDBInstallscriptUrl'))]"
              ],
              "commandToExecute": "[concat('powershell -ExecutionPolicy Unrestricted -File ', variables('scriptFolder'), '/', variables('CloudShopDBInstallScriptFileName'), ' ', variables('CloudShopDBInstallScriptParameters'))]"
            }
          }
        }
      ]
    },
    {
      "name": "[variables('WebIPName')]",
      "type": "Microsoft.Network/publicIPAddresses",
      "apiVersion": "[variables('apiVersionNetwork')]",
      "location": "[resourceGroup().location]",
      "dependsOn": [],
      "tags": {
        "displayName": "webip"
      },
      "properties": {
        "publicIPAllocationMethod": "Dynamic"
      }
    },
    {
      "name": "[variables('WebVM-2NicName')]",
      "type": "Microsoft.Network/networkInterfaces",
      "apiVersion": "[variables('apiVersionNetwork')]",
      "location": "[resourceGroup().location]",
      "dependsOn": [
      ],
      "tags": {
        "displayName": "WebVM-2Nic"
      },
      "properties": {
        "ipConfigurations": [
          {
            "name": "ipconfig1",
            "properties": {
              "privateIPAllocationMethod": "Dynamic",
              "subnet": {
                "id": "[variables('WebSubnetRef')]"
              }
            }
          }
        ]
      }
    },
    {
      "name": "[parameters('WebVMName2')]",
      "type": "Microsoft.Compute/virtualMachines",
      "apiVersion": "[variables('apiVersionCompute')]",
      "location": "[resourceGroup().location]",
      "dependsOn": [
        "[resourceId('Microsoft.Storage/storageAccounts', variables('vmstorageName'))]",
        "[resourceId('Microsoft.Network/networkInterfaces', variables('WebVM-2NicName'))]"
      ],
      "tags": {
        "displayName": "WGWEB2"
      },
      "properties": {
        "availabilitySet": {
          "id": "[resourceId('Microsoft.Compute/availabilitySets',variables('AVSetName'))]"
        },
        "hardwareProfile": {
          "vmSize": "[variables('WebVmSize')]"
        },
        "osProfile": {
          "computerName": "[parameters('WebVMName2')]",
          "adminUsername": "[parameters('adminUsername')]",
          "adminPassword": "[parameters('adminPassword')]"
        },
        "storageProfile": {
          "imageReference": {
            "publisher": "[variables('WindowsImagePublisher')]",
            "offer": "[variables('WindowsImageOffer')]",
            "sku": "[variables('WindowsOSVersion')]",
            "version": "latest"
          },
          "osDisk": {
            "name": "WebVM-2OSDisk",
            "vhd": {
              "uri": "[concat(reference(resourceId('Microsoft.Storage/storageAccounts', variables('vmstorageName')), '2017-06-01').primaryEndpoints.blob, variables('WebVM-2StorageAccountContainerName'), '/', variables('WebVM-2OSDiskName'), '.vhd')]"
            },
            "caching": "ReadWrite",
            "createOption": "FromImage"
          }
        },
        "networkProfile": {
          "networkInterfaces": [
            {
              "id": "[resourceId('Microsoft.Network/networkInterfaces', variables('WebVM-2NicName'))]"
            }
          ]
        }
      },
      "resources": [
        {
          "name": "InstallCloudShop",
          "type": "extensions",
          "location": "[resourceGroup().location]",
          "apiVersion": "[variables('apiVersionExtensions')]",
          "dependsOn": [
            "[resourceId('Microsoft.Compute/virtualMachines', parameters('WebVMName2'))]"
          ],
          "tags": {
            "displayName": "InstallCloudShop"
          },
          "properties": {
            "publisher": "Microsoft.Compute",
            "type": "CustomScriptExtension",
            "typeHandlerVersion": "1.9",
            "autoUpgradeMinorVersion": false,
            "settings": {
              "fileUris": [
                "[concat(parameters('CloudShopInstallscriptUrl'))]"
              ],
              "commandToExecute": "[concat('powershell -ExecutionPolicy Unrestricted -File ', variables('scriptFolder'), '/', variables('CloudShopInstallScriptFileName'), ' ', variables('CloudShopInstallScriptParameters'))]"
            }
          }
        }
      ]
    }
  ],
  "outputs": {}
}
